[{"_id":"5b88e5e28711b7350e387b0c","creator":"gencho","title":"Честит Рожден Ден xd","description":"Много забавен мийм","imageUrl":"https://scontent.fsof3-1.fna.fbcdn.net/v/t1.0-9/35330772_2137530029851321_1781581464064753664_n.jpg?_nc_cat=0&oh=92c80b6c1245473814ddbc55999f7343&oe=5C3658FA","_acl":{"creator":"5b8586681d803555d9d3512b"},"_kmd":{"lmt":"2018-08-31T06:53:22.132Z","ect":"2018-08-31T06:53:22.132Z"}},{"_id":"5b88e5fe88774d3ccdc3d693","creator":"gencho","title":"Return Return моме калино.","description":"Положението е страшно!! ","imageUrl":"https://i.imgflip.com/1il5gj.jpg","_acl":{"creator":"5b8586681d803555d9d3512b"},"_kmd":{"lmt":"2018-08-31T06:53:50.056Z","ect":"2018-08-31T06:53:50.056Z"}},{"_id":"5b88e63dc8596c35095ff21f","creator":"user","title":"Разбираемо...","description":"И аз така...","imageUrl":"https://scontent.fsof3-1.fna.fbcdn.net/v/t1.0-9/31924539_2110321352572189_5652160133854134272_n.jpg?_nc_cat=0&oh=dc73aad9af411f76454dd70ea1ab2775&oe=5C2FB35A","_acl":{"creator":"5b856bde1ab0f72634396fba"},"_kmd":{"lmt":"2018-08-31T06:54:53.100Z","ect":"2018-08-31T06:54:53.100Z"}}]